name,rb_color_id,bl_color_id,bo_color_id
[Unknown],-1,,0
Black,0,11,38
Blue,1,7,39
Green,2,6,61
Dark Turquoise,3,39,58
Red,4,5,81
Dark Pink,5,47,17
Brown,6,8,46
Light Gray,7,9,66
Dark Gray,8,10,53
Light Blue,9,62,63
Bright Green,10,36,41
Light Turquoise,11,40,12
Salmon,12,25,84
Pink,13,23,3
Yellow,14,3,93
White,15,1,92
Light Green,17,38,11
Light Yellow,18,33,9
Tan,19,2,89
Light Violet,20,44,16
Glow In Dark Opaque,21,46,127
Purple,22,24,4
Dark Blue-Violet,23,109,49
Orange,25,4,80
Magenta,26,71,72
Lime,27,34,70
Dark Tan,28,69,57
Bright Pink,29,104,45
Medium Lavender,30,157,76
Lavender,31,154,36
Trans-Black IR Lens,32,,
Trans-Dark Blue,33,14,98
Trans-Green,34,20,100
Trans-Bright Green,35,108,96
Trans-Red,36,17,108
Trans-Brown,40,13,95
Trans-Light Blue,41,15,101
Trans-Neon Green,42,16,103
Trans-Very Lt Blue,43,113,25
Trans-Dark Pink,45,50,99
Trans-Yellow,46,19,109
Trans-Clear,47,12,97
Trans-Purple,52,51,107
Trans-Neon Yellow,54,121,104
Trans-Neon Orange,57,18,161
Chrome Antique Brass,60,57,110
Chrome Blue,61,52,112
Chrome Green,62,64,113
Chrome Pink,63,82,114
Chrome Black,64,122,111
Very Light Orange,68,96,91
Light Purple,69,93,69
Reddish Brown,70,88,82
Light Bluish Gray,71,86,64
Dark Bluish Gray,72,85,50
Medium Blue,73,42,14
Medium Green,74,37,10
Speckle Black-Copper,75,116,133
Speckle DBGray-Silver,76,117,134
Light Pink,77,56,68
Light Nougat,78,90,65
Milky White,79,60,130
Metallic Silver,80,67,126
Metallic Green,81,70,125
Metallic Gold,82,65,124
Medium Nougat,84,150,74
Dark Purple,85,89,55
Light Brown,86,91,52
Royal Blue,89,97,40
Nougat,92,28,6
Light Salmon,100,26,5
Violet,110,43,15
Medium Bluish Violet,112,73,78
Glitter Trans-Dark Pink,114,100,132
Medium Lime,115,76,77
Glitter Trans-Clear,117,101,131
Aqua,118,41,13
Light Lime,120,35,67
Light Orange,125,32,8
Glitter Trans-Purple,129,102,22
Speckle Black-Silver,132,111,24
Speckle Black-Gold,133,151,35
Copper,134,84,116
Pearl Light Gray,135,66,122
Pearl Sand Blue,137,78,118
Pearl Light Gold,142,61,121
Trans-Medium Blue,143,74,102
Pearl Dark Gray,148,77,119
Pearl Very Light Gray,150,119,27
Very Light Bluish Gray,151,99,90
Yellowish Green,158,158,94
Flat Dark Gold,178,81,21
Flat Silver,179,95,117
Trans-Orange,182,98,105
Pearl White,183,83,123
Bright Light Orange,191,110,43
Bright Light Blue,212,105,42
Rust,216,27,83
Bright Light Yellow,226,103,44
Trans-Pink,230,107,106
Sky Blue,232,87,88
Trans-Light Purple,236,114,26
Dark Blue,272,63,48
Dark Green,288,80,20
Glow In Dark Trans,294,118,128
Pearl Gold,297,115,120
Dark Brown,308,120,51
Maersk Blue,313,72,71
Dark Red,320,59,56
Dark Azure,321,153,47
Medium Azure,322,156,73
Light Aqua,323,152,62
Olive Green,326,155,79
Chrome Gold,334,21,2
Sand Red,335,58,87
Medium Dark Pink,351,94,75
Earth Orange,366,29,59
Sand Purple,373,54,86
Sand Green,378,48,18
Sand Blue,379,55,85
Chrome Silver,383,22,115
Fabuland Brown,450,106,23
Medium Orange,462,31,7
Dark Orange,484,68,54
Very Light Gray,503,49,19
Glow in Dark White,1000,159,129
Medium Violet,1001,245,221
Glitter Trans-Neon Green,1002,163,167
Glitter Trans-Light Blue,1003,162,165
Trans-Flame Yellowish Orange,1004,164,171
Reddish Lilac,1007,227,223
Fabuland Orange,1012,160,60
Modulex White,1013,123,154
Modulex Light Bluish Gray,1014,124,28
Modulex Light Gray,1015,125,141
Modulex Charcoal Gray,1016,126,29
Modulex Tile Gray,1017,127,152
Modulex Black,1018,128,136
Modulex Tile Brown,1019,131,151
Modulex Terracotta,1020,134,150
Modulex Brown,1021,132,137
Modulex Buff,1022,133,138
Modulex Red,1023,129,148
Modulex Pink Red,1024,130,147
Modulex Orange,1025,135,30
Modulex Light Orange,1026,136,142
Modulex Light Yellow,1027,137,143
Modulex Ochre Yellow,1028,138,31
Modulex Lemon,1029,139,140
Modulex Pastel Green,1030,141,33
Modulex Olive Green,1031,140,32
Modulex Aqua Green,1032,142,135
Modulex Teal Blue,1033,146,149
Modulex Tile Blue,1034,143,34
Modulex Medium Blue,1035,144,144
Modulex Pastel Blue,1036,145,145
Modulex Violet,1037,147,153
Modulex Pink,1038,148,146
Modulex Clear,1039,149,139
Modulex Foil Dark Gray,1040,210,
Modulex Foil Light Gray,1041,211,
Modulex Foil Dark Green,1042,212,
Modulex Foil Light Green,1043,213,
Modulex Foil Dark Blue,1044,214,
Modulex Foil Light Blue,1045,215,
Modulex Foil Violet,1046,216,
Modulex Foil Red,1047,217,
Modulex Foil Yellow,1048,218,
Modulex Foil Orange,1049,219,
Coral,1050,220,173
Pastel Blue,1051,72,71
Glitter Trans-Orange,1052,222,179
Opal Trans-Light Blue,1053,223,175
Opal Trans-Dark Pink,1054,224,199
Opal Trans-Clear,1055,228,193
Opal Trans-Brown,1056,229,201
Trans-Light Bright Green,1057,226,205
Trans-Light Green,1058,221,191
Opal Trans-Purple,1059,230,203
Opal Trans-Bright Green,1060,233,207
Opal Trans-Dark Blue,1061,232,209
Vibrant Yellow,1062,236,211
Pearl Copper,1063,249,227
Reddish Gold,1065,235,215
Curry,1066,161,169
Dark Nougat,1067,225,160
Bright Reddish Orange,1068,231,158
Pearl Red,1069,252,181
Pearl Blue,1070,254,189
Pearl Green,1071,253,183
Pearl Brown,1072,255,219
Pearl Black,1073,244,185
Duplo Blue,1074,247,
Duplo Medium Blue,1075,,
Duplo Lime,1076,171,67
Fabuland Lime,1077,248,
Duplo Medium Green,1078,,
Duplo Light Green,1079,,
Rust Orange,1081,,83
Clikits Pink,1082,,
Two-tone Copper,1083,237,233
Two-tone Gold,1084,238,231
Two-tone Silver,1085,239,229
Medium Brown,1088,240,213
Warm Tan,1089,241,217
Duplo Turquoise,1090,,
Warm Yellowish Orange,1091,172,8
Metallic Copper,1092,250,225
Light Lilac,1093,246,16
Trans-Medium Purple,1094,234,107
Trans-Black,1095,251,235
Clikits Yellow,1100,,93
Pearl Titanium,1103,77,119
Reddish Orange,1136,167,241
Sienna Brown,1137,169,245
Umber Brown,1138,168,243
Opal Trans-Yellow,1139,170,247
Neon Orange,1140,165,
Neon Green,1141,166,
Dark Olive Green,1142,242,
Glitter Milky White,1143,,
Ochre Yellow,1145,173,255
Warm Pink,1146,175,
Blue Violet,1147,174,
[No Color/Any Color],9999,0,




