severity,issue_type,rb_color_id,name,details,suggestions
WARN,API_SELFTEST_BRICKLINK_FAILED,,,BrickLink OAuth: FALHA ao chamar /items/part/3001/colors: Expecting value: line 1 column 1 (char 0),"Verificar credenciais OAuth, clock do runner e se o endpoint/type estão corretos."
INFO,API_SELFTEST_REBRICKABLE_OK,,,Rebrickable OK (/lego/colors?page_size=1).,
INFO,API_SELFTEST_BRICKOWL_OK,,,BrickOwl OK (/user/details + /catalog/color_list).,"Se catalog falhar, confirmar permissões da key BrickOwl."
INFO,BL_CODE_ELEMENT_COLOR_CONFLICT_RESOLVED_BY_NAME_RGB,,,"Element 4107576 tinha múltiplos BL color_id [7, 11, 86]; resolvido para 86 por heurística name/RGB (rb_color_id=7).","Se quiseres fixar definitivamente, adiciona override no seed (ou regra interna por Element)."
INFO,BL_CODE_ELEMENT_COLOR_CONFLICT_RESOLVED_BY_RB_ELEMENT,,,"Element 4529209 tinha múltiplos BL color_id [2, 3]; resolvido para 2 via Rebrickable element (rb_color_id=19).","Se quiseres fixar definitivamente, adiciona override no seed (ou regra interna por Element)."
INFO,BL_CODE_ELEMENT_COLOR_CONFLICT_RESOLVED_BY_RB_ELEMENT,,,"Element 4297097 tinha múltiplos BL color_id [85, 120]; resolvido para 85 via Rebrickable element (rb_color_id=72).","Se quiseres fixar definitivamente, adiciona override no seed (ou regra interna por Element)."
INFO,BL_CODE_ELEMENT_COLOR_CONFLICT_RESOLVED_BY_NAME_RGB,,,"Element 4296080 tinha múltiplos BL color_id [108, 16]; resolvido para 108 por heurística name/RGB (rb_color_id=2).","Se quiseres fixar definitivamente, adiciona override no seed (ou regra interna por Element)."
INFO,BL_CODE_ELEMENT_COLOR_CONFLICT_RESOLVED_BY_RB_ELEMENT,,,"Element 4297031 tinha múltiplos BL color_id [14, 74]; resolvido para 14 via Rebrickable element (rb_color_id=33).","Se quiseres fixar definitivamente, adiciona override no seed (ou regra interna por Element)."
INFO,BL_CODE_ELEMENT_COLOR_CONFLICT_RESOLVED_BY_RB_ELEMENT,,,"Element 4500092 tinha múltiplos BL color_id [98, 19]; resolvido para 98 via Rebrickable element (rb_color_id=182).","Se quiseres fixar definitivamente, adiciona override no seed (ou regra interna por Element)."
INFO,BL_CODE_ELEMENT_COLOR_CONFLICT_RESOLVED_BY_RB_ELEMENT,,,"Element 4511873 tinha múltiplos BL color_id [98, 19]; resolvido para 98 via Rebrickable element (rb_color_id=182).","Se quiseres fixar definitivamente, adiciona override no seed (ou regra interna por Element)."
INFO,BL_CODE_ELEMENT_COLOR_CONFLICT_RESOLVED_BY_RB_ELEMENT,,,"Element 4544662 tinha múltiplos BL color_id [95, 66]; resolvido para 66 via Rebrickable element (rb_color_id=135).","Se quiseres fixar definitivamente, adiciona override no seed (ou regra interna por Element)."
INFO,BL_CODE_ELEMENT_COLOR_CONFLICT_RESOLVED_BY_RB_ELEMENT,,,"Element 6288359 tinha múltiplos BL color_id [108, 20]; resolvido para 20 via Rebrickable element (rb_color_id=34).","Se quiseres fixar definitivamente, adiciona override no seed (ou regra interna por Element)."
INFO,RB_ELEMENTS_SENTINEL_COLOR_SKIPPED,,,rb_elements contém rb_color_id(s) sentinela {-1: 1}. Foram ignorados para evitar mapear [Unknown] para cores BrickLink. Exemplos de element_id: ['4157610'],"Normalmente é seguro ignorar. Se quiseres, limpa esses element_id no rb_elements.csv."
WARN,BL_ID_MISSING_RELEVANT_RESOLVED,1006,Trans-Light Royal Blue,RB candidates=[74]; escolhido=74; parts_checked=0; support={74: 0}; source_before=none,"Se quiseres ‘perfeição auditável’, fixa este rb_color_id no seed."
WARN,BL_ID_MISSING_RELEVANT_RESOLVED,1079,Duplo Light Green,RB candidates=[37]; escolhido=37; parts_checked=0; support={37: 0}; source_before=none,"Se quiseres ‘perfeição auditável’, fixa este rb_color_id no seed."
WARN,BL_ID_MISSING_RELEVANT_RESOLVED,1090,Duplo Turquoise,RB candidates=[40]; escolhido=40; parts_checked=0; support={40: 0}; source_before=none,"Se quiseres ‘perfeição auditável’, fixa este rb_color_id no seed."
WARN,BL_ID_MISSING_RELEVANT_RESOLVED,1081,Rust Orange,RB candidates=[27]; escolhido=27; parts_checked=0; support={27: 0}; source_before=none,"Se quiseres ‘perfeição auditável’, fixa este rb_color_id no seed."
INFO,CONFLICT_RESOLUTION_ATTEMPT,,,"ctx=rb_color:1100 candidates=[3, 110] parts=5 apis={bl:Y, rb:Y}",
WARN,RB_TO_BL_CONFLICT_RESOLVED,1100,Clikits Yellow,"RB candidates=[3, 110]; escolhido=3; parts_checked=5; support={3: 4, 110: 2}; source_before=none","Se quiseres ‘perfeição auditável’, fixa este rb_color_id no seed."
WARN,BL_ID_MISSING_RELEVANT_RESOLVED,1082,Clikits Pink,RB candidates=[104]; escolhido=104; parts_checked=0; support={104: 0}; source_before=none,"Se quiseres ‘perfeição auditável’, fixa este rb_color_id no seed."
WARN,BL_ID_MISSING_RELEVANT_RESOLVED,1005,Trans-Fire Yellow,RB candidates=[121]; escolhido=121; parts_checked=0; support={121: 0}; source_before=none,"Se quiseres ‘perfeição auditável’, fixa este rb_color_id no seed."
WARN,BL_ID_MISSING_RELEVANT_RESOLVED,1143,Glitter Milky White,RB candidates=[101]; escolhido=101; parts_checked=0; support={101: 0}; source_before=none,"Se quiseres ‘perfeição auditável’, fixa este rb_color_id no seed."
WARN,BL_ID_MISSING_RELEVANT_RESOLVED,1087,Duplo Pink,RB candidates=[94]; escolhido=94; parts_checked=0; support={94: 0}; source_before=none,"Se quiseres ‘perfeição auditável’, fixa este rb_color_id no seed."
WARN,BL_ID_MISSING_RELEVANT_RESOLVED,1078,Duplo Medium Green,RB candidates=[48]; escolhido=48; parts_checked=0; support={48: 0}; source_before=none,"Se quiseres ‘perfeição auditável’, fixa este rb_color_id no seed."
WARN,BL_ID_MISSING_RELEVANT_RESOLVED,1101,Duplo Dark Purple,RB candidates=[89]; escolhido=89; parts_checked=0; support={89: 0}; source_before=none,"Se quiseres ‘perfeição auditável’, fixa este rb_color_id no seed."
WARN,BL_ID_MISSING_RELEVANT_RESOLVED,1080,Light Tan,RB candidates=[2]; escolhido=2; parts_checked=0; support={2: 0}; source_before=none,"Se quiseres ‘perfeição auditável’, fixa este rb_color_id no seed."
WARN,BL_ID_MISSING_RELEVANT_RESOLVED,1075,Duplo Medium Blue,RB candidates=[42]; escolhido=42; parts_checked=0; support={42: 0}; source_before=none,"Se quiseres ‘perfeição auditável’, fixa este rb_color_id no seed."
WARN,BL_ID_MISSING_RELEVANT_RESOLVED,1097,Glitter Trans-Medium Purple,RB candidates=[102]; escolhido=102; parts_checked=0; support={102: 0}; source_before=none,"Se quiseres ‘perfeição auditável’, fixa este rb_color_id no seed."
INFO,BL_ID_MISSING_ALLOWED,32,Trans-Black IR Lens,Sem bl_color_id (permitido por allowlist; manter NULL).,Nenhuma ação necessária.
WARN,BL_ID_MISSING,1135,Metal,Sem bl_color_id (aceitável: pode não existir no BrickLink).,"Se existir no BrickLink, fixa no seed."
